id,Title,Description,Short Description,Price,Images,Variant 1,Variant 2,Variant 3,Category,SubCategory,Tags
Adel_ValPaks_001,Adel Pekana Adel 85 (Neu-Regen Tonic) (250ml),"INDICATIONS For overcoming mental, physical and emotional exhaustion by restoring proper organ function. Anxiety, weak memory and lack of brain function
INGREDIENTS Argentum nitricum 6X, Cinchona pubescens (China) 4X, Conium maculatum 4X, Delphinium staphysagria (Staphysagria) 6X, Stychnos nux vomica (Nux vomica) 4X, Piper methysticum 8X, Avena sativa Ø, Panax ginseng (Ginseng) Ø.",,20.99,https://cdn.shopify.com/s/files/1/1312/2961/products/465-1-400.jpg,,,,adel tinctures,homeopathy,
Adel_ValPaks_002,Adel Pekana Adel 83 (Bronchi-Pertu) (150ml),"INDICATIONS
For excertion of toxins that cause symptoms such as dry cough with stabbing pains and pus, emphysema and headaches.

INGREDIENTS
Bryonia cretica 3X, Dactylpius coccus 2X, Grindelia robusta 8X, Guajacum 3X, Kalium stibyltartaricum 4X, Oenanthe aquatic 4X, Phosphorus 6X, Usnea barbata 12X.",,32,https://cdn.shopify.com/s/files/1/1312/2961/products/463-1-400.jpg,,,,adel tinctures,homeopathy,
Adel_ValPaks_003,Adel Pekana Adel 17 (Glautaract) (20ml),"INDICATIONS
For early stage of loss of sight; cataract; glaucoma and conjunctivitis.

INGREDIENTS
Aurum chloratum 6X, Cynara scolymus 6X, Euphrasia 4X, Glonoinum 12X, Hedera helix 4X, Tabacum 12X, Ruta graveolens 6X, Dulcamara 4X.",,13.5,https://cdn.shopify.com/s/files/1/1312/2961/products/428-1-400.jpg,Pack of 2 $25.99,Pack of 3 $33,Pack of 5 $48,adel tinctures,homeopathy,
Adel_ValPaks_004,Adel Pekana Adel 79 (Ferrodona) (250ml),"INDICATIONS
For anaemia due to iron deficiency, poor nutrition, bleeding and all other causes.

INGREDIENTS
Arsenicum album 12X, Ceanothus americanus 5X, Cinchona succirubra 4X,Cobaltum nitricum 6X, Cuprum sulfuricum 6X, Ferrum metallicum 12X, Manganum aceticum 6X, Natrium muriaticum 12X.",,20,https://cdn.shopify.com/s/files/1/1312/2961/products/462-1-400.jpg,,,,adel tinctures,homeopathy,
Adel_ValPaks_005,Adel Pekana Adel 3 (Apo-Hepat) (20ml),"INDICATIONS
For jaundice; general liver diseases and gallbladder problems and portal congestions.

INGREDIENTS
Chioanthus virginica 4X, Cynara scolymus 4X, Iberis amara 6X, Lycopodium clavatum 4X, Mandragora e rad sicc 6X, Peumus boldus 4X, Phosphorus 10X, Taraxacum officinale 12X.",,13.5,https://cdn.shopify.com/s/files/1/1312/2961/products/414-1-400.jpg,Pack of 2 $25.99,Pack of 3 $33,Pack of 5 $48,adel tinctures,homeopathy,
Adel_ValPaks_006,Adel Pekana Adel 73 (Mucan) (20ml),"INDICATIONS
For treatment of yeast, fungaland bacterial infections by promoting a healthy acid-base balance.

INGREDIENTS
Agaricus Muscarius 6X, Allium sativum 6X, Aristolochia clematis 12X, Simarouba cedron 6X, Hydrastis canadensis 12X, Okoubaka aubrevillei 6X, Vincetoxicum hirundinaria 8X.",,13.5,https://cdn.shopify.com/s/files/1/1312/2961/products/459-1-400.jpg,Pack of 2 $25.99,Pack of 3 $33,Pack of 5 $48,adel tinctures,homeopathy,
Adel_ValPaks_007,Adel Pekana Adel 66 (Toxex) (20ml),"INDICATIONS
For removal of external and internal toxins produced by alcohol, chemical drugs, heavy metals and for treatment of infections of organs and mucous membrances.

INGREDIENTS
Argentum nitricum 6X, Bryonia cretica 6X, Clematis recta 6X, Echinacea 6X, Galium aparine 6X, Glechoma hederacea 6X, Hydrastis canadensis 6X, Ledum palustre 6X.",,13.5,https://cdn.shopify.com/s/files/1/1312/2961/products/457-1-400.jpg,Pack of 2 $25.99,Pack of 3 $33,Pack of 5 $48,adel tinctures,homeopathy,
Adel_ValPaks_008,Adel Pekana Adel 4 (Apo Rheum) (20ml),"INDICATIONS
For gout, low back pain, cervical spondylosis, sprains/sports injuries; tennis elbow.

INGREDIENTS
Arnica Montana 6X, Bryonia cretica 6X, Colchicum autumnale 4X, Gnaphalium obtusifolium 4X, Guajacum 6X, Lachnanthes tinctoria 4X, Solanum dulcamara 4X, Taraxacum officinale 4X.",,13.5,https://cdn.shopify.com/s/files/1/1312/2961/products/415-1-400.jpg,Pack of 2 $25.99,Pack of 3 $33,Pack of 5 $48,adel tinctures,homeopathy,
Adel_ValPaks_009,Adel Pekana Adel 43 (Cardinorma) (20ml),"INDICATIONS
For cardiac insufficiency; angina pectorics; irregular heart beats; arteriosclerosis and cardiac spasms.

INGREDIENTS
Arnica Montana 4X, Carbo vegetabilis 12X, Kalium carbonicum 6X, Lachesis muta 12X, Nerium oleander 6X, Nicotiana tabacum 6X, Peumus boldus 12X, Crataegus 6X.",,13.5,https://cdn.shopify.com/s/files/1/1312/2961/products/449-1-400.jpg,Pack of 2 $25.99,Pack of 3 $33,Pack of 5 $48,adel tinctures,homeopathy,
Adel_ValPaks_010,Adel Pekana Adel 79 (Ferrodona) (250ml),"INDICATIONS
For anaemia due to iron deficiency, poor nutrition, bleeding and all other causes.

INGREDIENTS
Arsenicum album 12X, Ceanothus americanus 5X, Cinchona succirubra 4X,Cobaltum nitricum 6X, Cuprum sulfuricum 6X, Ferrum metallicum 12X, Manganum aceticum 6X, Natrium muriaticum 12X.",,13.5,https://cdn.shopify.com/s/files/1/1312/2961/products/462-1-400.jpg,Pack of 2 $25.99,Pack of 3 $33,Pack of 5 $48,adel tinctures,homeopathy,
Adel_ValPaks_011,Adel Pekana Adel 27 (Inflamyar) (20ml),"INDICATIONS
For treatment of acute and chronic inflammation; sports injuries; sprains; bruises; muscle strains and sciatica.

INGREDIENTS
Arnica Montana 4X, Bellis perennis 4X, Bryonia cretica 4X, Guajacum 6X, Ledum palustre 12X, Ruta graveolens 4X, Rhus toxicodendron 8X, Viscum album 4X.",,13.5,https://cdn.shopify.com/s/files/1/1312/2961/products/438-1-400.jpg,Pack of 2 $25.99,Pack of 3 $33,Pack of 5 $48,adel tinctures,homeopathy,
Adel_ValPaks_012,Adel Pekana Adel 32 (Opsonat) (20ml),"INDICATIONS
Inflammation of whole organism: all mucous membranes; formation of ulcers all over the body and rheumatic inflammations.

INGREDIENTS
Acidum nitricum 6X, Acidum sulfuricum 6X, Gratiola officinalis 6X, Hydrastis Canadensis 6X, Lachesis muta 6X, Bellis perennis 6X, Glechoma hederacea 6X, Sempervivum tectorum 6X.",,13.5,https://cdn.shopify.com/s/files/1/1312/2961/products/442-1-400.jpg,Pack of 2 $25.99,Pack of 3 $33,Pack of 5 $48,adel tinctures,homeopathy,
Adel_ValPaks_013,Adel Pekana Adel 31 (Upelva) (20ml),"INDICATIONS
For painful; irregular; premature/late; heavy/scanty periods; breast swelling and mood swings.

INGREDIENTS
Cyclamen europaeum 6X, Datura stramonium 12X, Delphinium staphysagria 6X, Chamaelirium luteum 6X, Hypericum perforatum 6X, Kalium carbonicum 6X, Xanthoxylum fraxineum 6X, Viburnum opulus 6X.",,13.5,https://cdn.shopify.com/s/files/1/1312/2961/products/441-1-400.jpg,Pack of 2 $25.99,Pack of 3 $33,Pack of 5 $48,adel tinctures,homeopathy,
Adel_ValPaks_014,Adel-Pekana-Adel-36-(Pollon)-(20ml),For Disturbances of Sexual Function. ,,13.5,https://cdn.shopify.com/s/files/1/1312/2961/products/445-1-400.jpg,Pack of 2 $25.99,Pack of 3 $33,Pack of 5 $48,adel tinctures,homeopathy,
Adel_ValPaks_015,Adel Pekana Adel 18 (Glucorect) (20ml),"INDICATIONS For treatment of diabetes and promotion of proper regulation of sugar metabolism.
INGREDIENTS Acidum Lacticum 8X, Acidum sulfuricum 4X, Allium cepa 4X, Chionanthus virginica 6X, Phosphorus 12X, Zincum sulfuricum 6X, Stigmata maydis 8X, Syzygium cumini 4X.
 Please consult a Physician before purchasing and do not self medicate.",,13.5,https://cdn.shopify.com/s/files/1/1312/2961/products/Adel-18.jpg,Pack of 2 $25.99,Pack of 3 $33,Pack of 5 $48,adel tinctures,homeopathy,
Adel_ValPaks_016,Adel 22 - RENELIX DROPS 20ml for Kidney Stones,"FOR KIDNEY STONES AND URINARY TRACT INFECTION.  . 
 The Adel 1-87 series of homeopathic medicines cover most of the general ailments/health conditions from head to toe. Original German homeopathic products manufactured and packed (sealed) in Germany in ultra modern manufacturing facilities  
  Please consult a Physician before purchasing and do not self medicate.",,13.5,https://cdn.shopify.com/s/files/1/1312/2961/products/e1cfhpxas8ke7jgfnut7_ac0f0084-2d44-41d7-bee8-ae9958049ca1.jpg,Pack of 2 $25.99,Pack of 3 $33,Pack of 5 $48,adel tinctures,homeopathy,
Adel_ValPaks_017,Adel 38 - APO SPAST DROPS 20ml for Cramps,"FOR FITS (CONVULSIONS) AND CRAMPS.  . 
 The Adel 1-87 series of homeopathic medicines cover most of the general ailments/health conditions from head to toe. Original German homeopathic products manufactured and packed (sealed) in Germany in ultra modern manufacturing facilities  
  Please consult a Physician before purchasing and do not self medicate.",,13.5,https://cdn.shopify.com/s/files/1/1312/2961/products/mtbshhfwqsa6juzoldqf_6e2e3d52-c637-4c0a-9ebd-79232d729d24.jpg,Pack of 2 $25.99,Pack of 3 $33,Pack of 5 $48,adel tinctures,homeopathy,
Adel_ValPaks_018,Adel 51 - PSY STABIL DROPS 20ml for Anxiety,"FOR ANXIETY, LACK OF CONCENTRATION, RESTLESSNESS AND NERVOUS EXHAUSTION.  . 
 The Adel 1-87 series of homeopathic medicines cover most of the general ailments/health conditions from head to toe. Original German homeopathic products manufactured and packed (sealed) in Germany in ultra modern manufacturing facilities  
  Please consult a Physician before purchasing and do not self medicate.",,13.5,https://cdn.shopify.com/s/files/1/1312/2961/products/ygn1sgvtzpmqvucdbkki_09851386-c29b-4d03-966e-7c160da6d28a.jpg,Pack of 2 $25.99,Pack of 3 $33,Pack of 5 $48,adel tinctures,homeopathy,
Adel_ValPaks_019,Adel 56 - HABIFAC DROPSS 20ml for Genetic Predisposition,"FOR TREATMENT IN CASE OF GENETIC PREDISPOSITION AND INFECTIONS OF ALL TYPES.  . 
 The Adel 1-87 series of homeopathic medicines cover most of the general ailments/health conditions from head to toe. Original German homeopathic products manufactured and packed (sealed) in Germany in ultra modern manufacturing facilities  
  Please consult a Physician before purchasing and do not self medicate.",,13.5,https://cdn.shopify.com/s/files/1/1312/2961/products/xluvmwitvteywianltmy_7ac2bf51-849a-4889-aa44-ce2716f550e8.jpg,Pack of 2 $25.99,Pack of 3 $33,Pack of 5 $48,adel tinctures,homeopathy,
Adel_ValPaks_020,Adel 2 - APO HAM DROPSS 20ml for Burning/Bleeding Piles,"For Burning/Bleeding Piles (Hemorrhoids).  . 
 The Adel 1-87 series of homeopathic medicines cover most of the general ailments/health conditions from head to toe. Original German homeopathic products manufactured and packed (sealed) in Germany in ultra modern manufacturing facilities  
  Please consult a Physician before purchasing and do not self medicate.",,13.5,https://cdn.shopify.com/s/files/1/1312/2961/products/ozf6fkojw76ptd5hrkqo_fbca1095-c504-46df-b24c-707a8998bebd.jpg,Pack of 2 $25.99,Pack of 3 $33,Pack of 5 $48,adel tinctures,homeopathy,
Adel_ValPaks_021,Adel 16 - GASTUL DROPSS 20ml for Appendix,"FOR STOMACH ULCERS, APPENDIX AND OTHER GASTROINTESTINAL DISEASES..  . 
 The Adel 1-87 series of homeopathic medicines cover most of the general ailments/health conditions from head to toe. Original German homeopathic products manufactured and packed (sealed) in Germany in ultra modern manufacturing facilities  
  Please consult a Physician before purchasing and do not self medicate.",,13.5,https://cdn.shopify.com/s/files/1/1312/2961/products/qfbzpv4xmbvt9koofs96_b7728cb5-c5b8-4eab-a16d-7c6f56f7af01.jpg,Pack of 2 $25.99,Pack of 3 $33,Pack of 5 $48,adel tinctures,homeopathy,
Adel_ValPaks_022,Adel 6 - APO-STRUM DROPS 20ml for Thyroid,"FOR THYROID PROBLEMS.  . 
 The Adel 1-87 series of homeopathic medicines cover most of the general ailments/health conditions from head to toe. Original German homeopathic products manufactured and packed (sealed) in Germany in ultra modern manufacturing facilities  
  Please consult a Physician before purchasing and do not self medicate.",,13.5,https://cdn.shopify.com/s/files/1/1312/2961/products/lieetjymr9ira8pr4wuy_e3fc000b-a336-43e3-8018-e8dc058cbabc.jpg,Pack of 2 $25.99,Pack of 3 $33,Pack of 5 $48,adel tinctures,homeopathy,
Adel_ValPaks_023,Adel 87 - APO-INFEKT DROPS 20ml for Bacterial,"For various types of Bacterial and Viral Infections in the Body.  . 
 The Adel 1-87 series of homeopathic medicines cover most of the general ailments/health conditions from head to toe. Original German homeopathic products manufactured and packed (sealed) in Germany in ultra modern manufacturing facilities  
  Please consult a Physician before purchasing and do not self medicate.",,13.5,https://cdn.shopify.com/s/files/1/1312/2961/products/vdedwxtpbhlnl4s0cjx5_d23f6dbc-0604-49c7-a2b9-f9a966973e99.jpg,Pack of 2 $25.99,Pack of 3 $33,Pack of 5 $48,adel tinctures,homeopathy,
Adel_ValPaks_024,Adel 20 - PROALLER DROPS 20ml for Allergies,"For Allergies, Severe Itching, Skin Infections and Eczema.  . 
 The Adel 1-87 series of homeopathic medicines cover most of the general ailments/health conditions from head to toe. Original German homeopathic products manufactured and packed (sealed) in Germany in ultra modern manufacturing facilities  
  Please consult a Physician before purchasing and do not self medicate.",,13.5,https://cdn.shopify.com/s/files/1/1312/2961/products/oqiqvlrzldkt8djxlgpf_d4d404c7-de36-463d-af67-8ce68afddf9d.jpg,Pack of 2 $25.99,Pack of 3 $33,Pack of 5 $48,adel tinctures,homeopathy,
Adel_ValPaks_025,Adel 21 - PROSCENAT DROPS 20ml for Prostate Enlargement,"FOR PROSTATE ENLARGEMENT, PROSTATITIS AND OTHER RELATED PROBLEMS.  . 
 The Adel 1-87 series of homeopathic medicines cover most of the general ailments/health conditions from head to toe. Original German homeopathic products manufactured and packed (sealed) in Germany in ultra modern manufacturing facilities  
  Please consult a Physician before purchasing and do not self medicate.",,13.5,https://cdn.shopify.com/s/files/1/1312/2961/products/zfdtq9q6z8agocqu1kwy_c87b0fd6-001b-4b81-b998-8e8a208610a7.jpg,Pack of 2 $25.99,Pack of 3 $33,Pack of 5 $48,adel tinctures,homeopathy,
Adel_ValPaks_026,Adel 24 - SEPTONSIL DROPS 20ml for Sore Throat,"FOR TONSILLITIS (ACUTE/CHRONIC), SORE THROAT.  . 
 The Adel 1-87 series of homeopathic medicines cover most of the general ailments/health conditions from head to toe. Original German homeopathic products manufactured and packed (sealed) in Germany in ultra modern manufacturing facilities  
  Please consult a Physician before purchasing and do not self medicate.",,13.5,https://cdn.shopify.com/s/files/1/1312/2961/products/hmxdglzzdutffraz62hy_4c691092-96de-4d0d-9b84-60eaf65e3cae.jpg,Pack of 2 $25.99,Pack of 3 $33,Pack of 5 $48,adel tinctures,homeopathy,
Adel_ValPaks_027,Adel 23 - RICURA DROPS 20ml for Running Nose,"FOR SINUSITIS, RUNNING NOSE, SNEEZING AND OTHER RELATED PROBLEMS.  . 
 The Adel 1-87 series of homeopathic medicines cover most of the general ailments/health conditions from head to toe. Original German homeopathic products manufactured and packed (sealed) in Germany in ultra modern manufacturing facilities  
  Please consult a Physician before purchasing and do not self medicate.",,13.5,https://cdn.shopify.com/s/files/1/1312/2961/products/j1cisdxbl7hwuh9fd71t_b391a394-6035-4b3f-b650-89e51070fcd5.jpg,Pack of 2 $25.99,Pack of 3 $33,Pack of 5 $48,adel tinctures,homeopathy,
Adel_ValPaks_028,Adel 29 - AKUTUR DROPS 20ml for Urinary Tract Infection,"FOR URINARY TRACT INFECTION (U.T.I).  . 
 The Adel 1-87 series of homeopathic medicines cover most of the general ailments/health conditions from head to toe. Original German homeopathic products manufactured and packed (sealed) in Germany in ultra modern manufacturing facilities  
  Please consult a Physician before purchasing and do not self medicate.",,13.5,https://cdn.shopify.com/s/files/1/1312/2961/products/le3b4z7wv9qxrghcsomn_a12aa0aa-5c2d-4402-b321-762e111d0b6e.jpg,Pack of 2 $25.99,Pack of 3 $33,Pack of 5 $48,adel tinctures,homeopathy,
Adel_ValPaks_029,Adel 26 - OSS-REGEN DROPS 20ml for Bones,"FOR PROPER HEALING OF BONES, PREVENTION OF DEGENERATIVE BONE AND JOINT DISEASES.  . 
 The Adel 1-87 series of homeopathic medicines cover most of the general ailments/health conditions from head to toe. Original German homeopathic products manufactured and packed (sealed) in Germany in ultra modern manufacturing facilities  
  Please consult a Physician before purchasing and do not self medicate.",,13.5,https://cdn.shopify.com/s/files/1/1312/2961/products/txu34uikennra78phjdy_d5bd1c06-e8fd-4fd1-9f98-d664c7b3abb2.jpg,Pack of 2 $25.99,Pack of 3 $33,Pack of 5 $48,adel tinctures,homeopathy,
Adel_ValPaks_030,Adel 19 - LASSITUL DROPS 20ml for Mental,"FOR MENTAL/PHYSICAL TIREDNESS.  . 
 The Adel 1-87 series of homeopathic medicines cover most of the general ailments/health conditions from head to toe. Original German homeopathic products manufactured and packed (sealed) in Germany in ultra modern manufacturing facilities  
  Please consult a Physician before purchasing and do not self medicate.",,13.5,https://cdn.shopify.com/s/files/1/1312/2961/products/ivhnjvfeob1l5i6mkgns_5ad6c6fa-9345-4738-afc3-8994cdad3768.jpg,Pack of 2 $25.99,Pack of 3 $33,Pack of 5 $48,adel tinctures,homeopathy,
Adel_ValPaks_031,Adel 15 - FLUOFIN DROPS 20ml for Leucorrhoea,"FOR LEUCORRHOEA AND OTHER FEMALE PROBLEMS.  . 
 The Adel 1-87 series of homeopathic medicines cover most of the general ailments/health conditions from head to toe. Original German homeopathic products manufactured and packed (sealed) in Germany in ultra modern manufacturing facilities  
  Please consult a Physician before purchasing and do not self medicate.",,13.5,https://cdn.shopify.com/s/files/1/1312/2961/products/kknropwkximy42yaksw2_80d7d82b-6a5a-4e35-b000-cf97b6da229c.jpg,Pack of 2 $25.99,Pack of 3 $33,Pack of 5 $48,adel tinctures,homeopathy,
Adel_ValPaks_032,Adel 25 - SOMCUPIN DROPS 20ml for Insomnia,"FOR INSOMNIA (DISTURBED SLEEP).  . 
 The Adel 1-87 series of homeopathic medicines cover most of the general ailments/health conditions from head to toe. Original German homeopathic products manufactured and packed (sealed) in Germany in ultra modern manufacturing facilities  
  Please consult a Physician before purchasing and do not self medicate.",,13.5,https://cdn.shopify.com/s/files/1/1312/2961/products/mrasoe2joop8njjiygp2_f5588226-d1ba-44c4-8e3c-a44c1b9ed9f6.jpg,Pack of 2 $25.99,Pack of 3 $33,Pack of 5 $48,adel tinctures,homeopathy,
Adel_ValPaks_033,Adel 12 - DERCUT DROPS 20ml for Eczema,"For Psoriasis, Pimples (Acne), Eczema, Urticaria, Skin Diseases.  . 
 The Adel 1-87 series of homeopathic medicines cover most of the general ailments/health conditions from head to toe. Original German homeopathic products manufactured and packed (sealed) in Germany in ultra modern manufacturing facilities  
  Please consult a Physician before purchasing and do not self medicate.",,13.5,https://cdn.shopify.com/s/files/1/1312/2961/products/swurk3ptsyywam80t1vk_afb1883d-4f40-4441-90e1-3f3c15504714.jpg,Pack of 2 $25.99,Pack of 3 $33,Pack of 5 $48,adel tinctures,homeopathy,
Adel_ValPaks_034,Adel 61 - SUPREN DROPS 20ml for Adrenal Gland,"FOR THE TREATMENT IN STRENGTHENING OF ADRENAL GLAND.  . 
 The Adel 1-87 series of homeopathic medicines cover most of the general ailments/health conditions from head to toe. Original German homeopathic products manufactured and packed (sealed) in Germany in ultra modern manufacturing facilities  
  Please consult a Physician before purchasing and do not self medicate.",,13.5,https://cdn.shopify.com/s/files/1/1312/2961/products/p2yj7nbdijja5st0ijsj_212fd624-a8c6-45ba-afd6-4cdde6fd8442.jpg,Pack of 2 $25.99,Pack of 3 $33,Pack of 5 $48,adel tinctures,homeopathy,
Adel_ValPaks_035,Adel 39 - APO-SCIATICA DROPS 20ml for Low Back Pain,"Sciatica, Pain in the Legs/Arms, Low Back Pain and Rheumatism.  . 
 The Adel 1-87 series of homeopathic medicines cover most of the general ailments/health conditions from head to toe. Original German homeopathic products manufactured and packed (sealed) in Germany in ultra modern manufacturing facilities  
  Please consult a Physician before purchasing and do not self medicate.",,13.5,https://cdn.shopify.com/s/files/1/1312/2961/products/ilwx1ng8bolg38xsf4df_f99fd699-08a3-4ca8-8d16-8d1b6e390151.jpg,Pack of 2 $25.99,Pack of 3 $33,Pack of 5 $48,adel tinctures,homeopathy,
Adel_ValPaks_036,Adel 48 - ITIRES DROPS 20ml for Boosting Immunity,"FOR TREATMENT OF SWOLLEN LYMPH NODES LYMPHATIC CONDITIONS, BOOSTING OF IMMUNITY AND SUPPORTIVE TREATMENT OF CANCER.  . 
 The Adel 1-87 series of homeopathic medicines cover most of the general ailments/health conditions from head to toe. Original German homeopathic products manufactured and packed (sealed) in Germany in ultra modern manufacturing facilities  
  Please consult a Physician before purchasing and do not self medicate.",,13.5,https://cdn.shopify.com/s/files/1/1312/2961/products/t0gxmeikj5zaxy3k5mpa_8ad9d51d-a555-49dd-a3a5-ac27c9fb9fd1.jpg,Pack of 2 $25.99,Pack of 3 $33,Pack of 5 $48,adel tinctures,homeopathy,
Adel_ValPaks_037,Adel 40 - VERINTEX INTERNAL DROPS 20ml for Warts,"FOR TREATMENT OF ALL TYPES OF WARTS.  . 
 The Adel 1-87 series of homeopathic medicines cover most of the general ailments/health conditions from head to toe. Original German homeopathic products manufactured and packed (sealed) in Germany in ultra modern manufacturing facilities  
  Please consult a Physician before purchasing and do not self medicate.",,13.5,https://cdn.shopify.com/s/files/1/1312/2961/products/q6pytx7kyjsazs2nd6pp_3af75d01-2bde-4901-aa2f-46f99939930c.jpg,Pack of 2 $25.99,Pack of 3 $33,Pack of 5 $48,adel tinctures,homeopathy,
Adel_ValPaks_038,Adel 44 - VENORBIS DROPS 20ml for Varicose Veins,"For Diseases of the Veins (Varicose Veins).  . 
 The Adel 1-87 series of homeopathic medicines cover most of the general ailments/health conditions from head to toe. Original German homeopathic products manufactured and packed (sealed) in Germany in ultra modern manufacturing facilities  
  Please consult a Physician before purchasing and do not self medicate.",,13.5,https://cdn.shopify.com/s/files/1/1312/2961/products/mekoznmfztvtefgwrmia_20ac8e70-be51-49b5-ac1c-2133c5100b75.jpg,Pack of 2 $25.99,Pack of 3 $33,Pack of 5 $48,adel tinctures,homeopathy,
Adel_ValPaks_039,Adel 49 - APO-ENTERIT DROPS 20ml for Diarrhoea,"For Diarrhoea, Gastroenteritis, Abdominal Cramps and Food Poisoning.  . 
 The Adel 1-87 series of homeopathic medicines cover most of the general ailments/health conditions from head to toe. Original German homeopathic products manufactured and packed (sealed) in Germany in ultra modern manufacturing facilities  
  Please consult a Physician before purchasing and do not self medicate.",,13.5,https://cdn.shopify.com/s/files/1/1312/2961/products/joafytxs4esl0ordw062_27205575-0c79-4849-802f-c420235304b0.jpg,Pack of 2 $25.99,Pack of 3 $33,Pack of 5 $48,adel tinctures,homeopathy,
Adel_ValPaks_040,Adel 69 - CLAUPAREST DROPS 20ml for Gangrenous processes,"FOR CIRCULATORY DISTURBANCES CAUSING VERTIGO, TINGLING, CRAMPS AND GANGRENOUS PROCESSES.  . 
 The Adel 1-87 series of homeopathic medicines cover most of the general ailments/health conditions from head to toe. Original German homeopathic products manufactured and packed (sealed) in Germany in ultra modern manufacturing facilities  
  Please consult a Physician before purchasing and do not self medicate.",,13.5,https://cdn.shopify.com/s/files/1/1312/2961/products/kpkllveouuuzo92jg7dm_b0e0e0aa-7024-43f1-93a3-168ddbdf3ded.jpg,Pack of 2 $25.99,Pack of 3 $33,Pack of 5 $48,adel tinctures,homeopathy,
Adel_ValPaks_041,Adel1- APO-DOLOR DROPS 20ml for Headaches including Migraine,"For Headaches including Migraine, Neuralgia, Pain in Body and Legs.  . 
 The Adel 1-87 series of homeopathic medicines cover most of the general ailments/health conditions from head to toe. Original German homeopathic products manufactured and packed (sealed) in Germany in ultra modern manufacturing facilities  
  Please consult a Physician before purchasing and do not self medicate.",,13.5,https://cdn.shopify.com/s/files/1/1312/2961/products/duqocn7w9exhhxr4kvn7_d5de835e-4884-42f1-92d5-24ecaa9dece0.jpg,Pack of 2 $25.99,Pack of 3 $33,Pack of 5 $48,adel tinctures,homeopathy,
Adel_ValPaks_042,Adel 86 - VERINTEX N EXTERNAL DROPS 20ml for Warts,"FOR ALL FORMS OF WARTS.  . 
 The Adel 1-87 series of homeopathic medicines cover most of the general ailments/health conditions from head to toe. Original German homeopathic products manufactured and packed (sealed) in Germany in ultra modern manufacturing facilities  
  Please consult a Physician before purchasing and do not self medicate.",,13.5,https://cdn.shopify.com/s/files/1/1312/2961/products/r3agewfr8k8mkuoxnr8u_c59fd725-b90a-47e8-bef3-bd1327f7d045.jpg,Pack of 2 $25.99,Pack of 3 $33,Pack of 5 $48,adel tinctures,homeopathy,
Adel_ValPaks_043,Adel 9 - CRI-REGEN DROPS 20ml for Hair Loss,"FOR PREMATURE HAIR LOSS, THINNING OF HAIR.  . 
 The Adel 1-87 series of homeopathic medicines cover most of the general ailments/health conditions from head to toe. Original German homeopathic products manufactured and packed (sealed) in Germany in ultra modern manufacturing facilities  
  Please consult a Physician before purchasing and do not self medicate.",,13.5,https://cdn.shopify.com/s/files/1/1312/2961/products/wqljpwmhg3pe97a0f6au_1919a8b9-541b-42ce-b30e-0aa060f2427f.jpg,Pack of 2 $25.99,Pack of 3 $33,Pack of 5 $48,adel tinctures,homeopathy,
Adel_ValPaks_044,Adel 14 - FERRODONA DROPS 20ml for Anaemia,"FOR IRON DEFICIENCY (ANAEMIA).  . 
 The Adel 1-87 series of homeopathic medicines cover most of the general ailments/health conditions from head to toe. Original German homeopathic products manufactured and packed (sealed) in Germany in ultra modern manufacturing facilities  
  Please consult a Physician before purchasing and do not self medicate.",,13.5,https://cdn.shopify.com/s/files/1/1312/2961/products/chrllxhpejj2u6ewwkp3_0b92a088-7405-4545-9f65-68d903620999.jpg,Pack of 2 $25.99,Pack of 3 $33,Pack of 5 $48,adel tinctures,homeopathy,
Adel_ValPaks_045,Adel 10 DEASTH DROPS 20ml for Asthma,"For Asthma (Acute and Chronic), Wheezing and Allergic Cough.  . 
 The Adel 1-87 series of homeopathic medicines cover most of the general ailments/health conditions from head to toe. Original German homeopathic products manufactured and packed (sealed) in Germany in ultra modern manufacturing facilities  
  Please consult a Physician before purchasing and do not self medicate.",,13.5,https://cdn.shopify.com/s/files/1/1312/2961/products/olgqsejqme4lvjyannld_9de10150-4d23-41bf-8a18-dd84751c89e6.jpg,Pack of 2 $25.99,Pack of 3 $33,Pack of 5 $48,adel tinctures,homeopathy,
Adel_ValPaks_046,Adel 5 - APO-STOM DROPS 20ml for Acidity,"For Acidity, Vomiting and Stomach Related Problems.  . 
 The Adel 1-87 series of homeopathic medicines cover most of the general ailments/health conditions from head to toe. Original German homeopathic products manufactured and packed (sealed) in Germany in ultra modern manufacturing facilities  
  Please consult a Physician before purchasing and do not self medicate.",,13.5,https://cdn.shopify.com/s/files/1/1312/2961/products/egg5cwf5hyx5mspesmju_facde3e7-3112-4b98-8cef-097b47115d7c.jpg,Pack of 2 $25.99,Pack of 3 $33,Pack of 5 $48,adel tinctures,homeopathy,
Adel_ValPaks_047,Adel 8 - CO-HYPERT DROPS 20ml for High BP,"FOR HIGH BLOOD PRESSURE.  . 
 The Adel 1-87 series of homeopathic medicines cover most of the general ailments/health conditions from head to toe. Original German homeopathic products manufactured and packed (sealed) in Germany in ultra modern manufacturing facilities  
  Please consult a Physician before purchasing and do not self medicate.",,13.5,https://cdn.shopify.com/s/files/1/1312/2961/products/bzlldql4wgsttorpi3zp_86b18349-1b5c-4ecd-9189-cf62e69aac38.jpg,Pack of 2 $25.99,Pack of 3 $33,Pack of 5 $48,adel tinctures,homeopathy,
Adel_ValPaks_048,Adel 13 - FATTEX DROPS 20ml for Weight Loss,"FOR REDUCING BODY WEIGHT (SLIMMING EFFECT).  . 
 The Adel 1-87 series of homeopathic medicines cover most of the general ailments/health conditions from head to toe. Original German homeopathic products manufactured and packed (sealed) in Germany in ultra modern manufacturing facilities  
  Please consult a Physician before purchasing and do not self medicate.",,13.5,https://cdn.shopify.com/s/files/1/1312/2961/products/mnepn39nvgqdp5rqaxcm_9a8812fb-6007-48ef-9e7d-0fc4646dd15a.jpg,Pack of 2 $25.99,Pack of 3 $33,Pack of 5 $48,adel tinctures,homeopathy,
Adel_ValPaks_049,Adel 11 - DEFAETON DROPS 20ml for Acute,"FOR ACUTE, CHRONIC CONSTIPATION.  . 
 The Adel 1-87 series of homeopathic medicines cover most of the general ailments/health conditions from head to toe. Original German homeopathic products manufactured and packed (sealed) in Germany in ultra modern manufacturing facilities  
  Please consult a Physician before purchasing and do not self medicate.",,13.5,https://cdn.shopify.com/s/files/1/1312/2961/products/otnse1qeuhobjhvm87ug_40d37f95-7d98-41e7-b1b8-920dc8964fa5.jpg,Pack of 2 $25.99,Pack of 3 $33,Pack of 5 $48,adel tinctures,homeopathy,
Adel_ValPaks_050,Adel 36-POLLON DROPS 20ml for Disturbances of Sexual Function,"For Premature old age in young persons, failing erection when attempting coition, feeble erection, etc.  . 
 The Adel 1-87 series of homeopathic medicines cover most of the general ailments/health conditions from head to toe. Original German homeopathic products manufactured and packed (sealed) in Germany in ultra modern manufacturing facilities  
  Please consult a Physician before purchasing and do not self medicate.",,13.5,https://cdn.shopify.com/s/files/1/1312/2961/products/gjopad47zvkoicfehsyq_e0bf4de9-8e1c-4d52-8420-6a1ae1010bf4.jpg,Pack of 2 $25.99,Pack of 3 $33,Pack of 5 $48,adel tinctures,homeopathy,
Adel_ValPaks_051,2 x pack of Adel Diacard Gold Drops Madaus,"HOMOEOPAHTIC DROPS FOR THE HEART. . 
 The Adel 1-87 series of homeopathic medicines cover most of the general ailments/health conditions from head to toe. Original German homeopathic products manufactured and packed (sealed) in Germany in ultra modern manufacturing facilities  
  Please consult a Physician before purchasing and do not self medicate.",,17.99,https://cdn.shopify.com/s/files/1/1312/2961/products/11eamzt9sml._sl1500.jpg,,Pack of 3 $45,,adel tinctures,homeopathy,
Adel_ValPaks_052,Adel 33. Apo-oedem,"For different forms of oedema including cardiac, hepatic, kidney, lymphatic and, subcutaneous cell tissue that cause swollen ankles and bloating.
 . 
 The Adel 1-87 series of homeopathic medicines cover most of the general ailments/health conditions from head to toe. Original German homeopathic products manufactured and packed (sealed) in Germany in ultra modern manufacturing facilities
  Please consult a Physician before purchasing and do not self medicate.",,13.5,https://cdn.shopify.com/s/files/1/1312/2961/products/21vsle9rkal._sl1500.jpg,Pack of 2 $25.99,Pack of 3 $33,Pack of 5 $48,adel tinctures,homeopathy,
Adel_ValPaks_053,Adel 66. Toxex,"For removal of external and internal toxins and treatment of infections The Blood Purifier.
 . 
 The Adel 1-87 series of homeopathic medicines cover most of the general ailments/health conditions from head to toe. Original German homeopathic products manufactured and packed (sealed) in Germany in ultra modern manufacturing facilities
  Please consult a Physician before purchasing and do not self medicate.",,13.5,https://cdn.shopify.com/s/files/1/1312/2961/products/11vrkj0csjl._sl1500.jpg,Pack of 2 $25.99,Pack of 3 $33,Pack of 5 $48,adel tinctures,homeopathy,
Adel_ValPaks_054,Adel Germany 49. Apo-Enterit 20 ml Drops," . 
 The Adel 1-87 series of homeopathic medicines cover most of the general ailments/health conditions from head to toe. Original German homeopathic products manufactured and packed (sealed) in Germany in ultra modern manufacturing facilities  
  Please consult a Physician before purchasing and do not self medicate.",,13.5,https://cdn.shopify.com/s/files/1/1312/2961/products/41oazu95qtl._sl1500_82d4397a-4d9a-4c5c-9c1e-bc38f739d7b9.jpg,Pack of 2 $25.99,Pack of 3 $33,Pack of 5 $48,adel tinctures,homeopathy,
Adel_ValPaks_055,Adel Germany 49. Apo-Enterit 20 ml Drops," . 
 The Adel 1-87 series of homeopathic medicines cover most of the general ailments/health conditions from head to toe. Original German homeopathic products manufactured and packed (sealed) in Germany in ultra modern manufacturing facilities  
  Please consult a Physician before purchasing and do not self medicate.",,13.5,https://cdn.shopify.com/s/files/1/1312/2961/products/41oazu95qtl._sl1500_39a4e119-51e8-43aa-95c3-fec6ab812680.jpg,Pack of 2 $25.99,Pack of 3 $33,Pack of 5 $48,adel tinctures,homeopathy,
Adel_ValPaks_056,Adel Germany 44. Venorbis Drops 20 ml," . 
 The Adel 1-87 series of homeopathic medicines cover most of the general ailments/health conditions from head to toe. Original German homeopathic products manufactured and packed (sealed) in Germany in ultra modern manufacturing facilities  
  Please consult a Physician before purchasing and do not self medicate.",,13.5,https://cdn.shopify.com/s/files/1/1312/2961/products/41oazu95qtl._sl1500_e949c0e0-c849-46c6-8bd4-f39406947f96.jpg,Pack of 2 $25.99,Pack of 3 $33,Pack of 5 $48,adel tinctures,homeopathy,
Adel_ValPaks_057,Adel Germany Adel 29. Akutur For Urinary Tract Infection 20 ml Drops,"For Urinary tract infection . 
 The Adel 1-87 series of homeopathic medicines cover most of the general ailments/health conditions from head to toe. Original German homeopathic products manufactured and packed (sealed) in Germany in ultra modern manufacturing facilities  
  Please consult a Physician before purchasing and do not self medicate.",,13.5,https://cdn.shopify.com/s/files/1/1312/2961/products/41oazu95qtl._sl1500_15961a79-b301-48ba-b698-56fae67ec862.jpg,Pack of 2 $25.99,Pack of 3 $33,Pack of 5 $48,adel tinctures,homeopathy,
Adel_ValPaks_058,Adel Germany 49. Apo-Enterit 20 ml Drops," . 
 The Adel 1-87 series of homeopathic medicines cover most of the general ailments/health conditions from head to toe. Original German homeopathic products manufactured and packed (sealed) in Germany in ultra modern manufacturing facilities  
  Please consult a Physician before purchasing and do not self medicate.",,13.5,https://cdn.shopify.com/s/files/1/1312/2961/products/41oazu95qtl._sl1500_20bb1c55-09e1-4e1e-9cd1-a414fa96a189.jpg,Pack of 2 $25.99,Pack of 3 $33,Pack of 5 $48,adel tinctures,homeopathy,
Adel_ValPaks_059,Adel Germany 43. Cardinorma Drops 20 ml,"FOR HEART DROPSS (ANGINA: WEAKNESS OF HEART MUSCLES) AND IRREGULAR HEART BEATS. 
 . 
 The Adel 1-87 series of homeopathic medicines cover most of the general ailments/health conditions from head to toe. Original German homeopathic products manufactured and packed (sealed) in Germany in ultra modern manufacturing facilities
  Please consult a Physician before purchasing and do not self medicate.",,13.5,https://cdn.shopify.com/s/files/1/1312/2961/products/11t40rdzscl._sl1500_559a7418-c588-4055-b08a-2dadb4596e6b.jpg,Pack of 2 $25.99,Pack of 3 $33,Pack of 5 $48,adel tinctures,homeopathy,
Adel_ValPaks_060,Adel 78. Dercut Ointment,"FOR PSORIASIS, PIMPLES (ACNE VULGARIS), ECZEMA, URTICARIA AND OTHER SKIN DISEASES
 . 
 The Adel 1-87 series of homeopathic medicines cover most of the general ailments/health conditions from head to toe. Original German homeopathic products manufactured and packed (sealed) in Germany in ultra modern manufacturing facilities
  Please consult a Physician before purchasing and do not self medicate.",,20,https://cdn.shopify.com/s/files/1/1312/2961/products/21zzuxwaisl._sl1500.jpg,,,,adel tinctures,homeopathy,
Adel_ValPaks_061,Adel 73. For Fungal Infections Mucan 20 ml Drops,"FOR FUNGAL INFECTIONS OF HAIR, NAILS AND SKIN
 . 
 The Adel 1-87 series of homeopathic medicines cover most of the general ailments/health conditions from head to toe. Original German homeopathic products manufactured and packed (sealed) in Germany in ultra modern manufacturing facilities
  Please consult a Physician before purchasing and do not self medicate.",,13.5,https://cdn.shopify.com/s/files/1/1312/2961/products/ADEL_2073.jpg,Pack of 2 $25.99,Pack of 3 $33,Pack of 5 $48,adel tinctures,homeopathy,
Adel_ValPaks_062,Adel Germany21 Proscenat Drops 20 ml Drops,"FOR PROSTATE ENLARGEMENT, PROSTATITIS AND OTHER RELATED PROBLEMS . 
 The Adel 1-87 series of homeopathic medicines cover most of the general ailments/health conditions from head to toe. Original German homeopathic products manufactured and packed (sealed) in Germany in ultra modern manufacturing facilities  
  Please consult a Physician before purchasing and do not self medicate.",,13.5,https://cdn.shopify.com/s/files/1/1312/2961/products/ADEL_2021.jpg,Pack of 2 $25.99,Pack of 3 $33,Pack of 5 $48,adel tinctures,homeopathy,
Adel_ValPaks_063,Adel 86. Verintex N External 20 ml Drops," For all forms of warts, like juvenile warts, plantar warts, senile warts, vulgar warts, warts surrounding nails. . 
 The Adel 1-87 series of homeopathic medicines cover most of the general ailments/health conditions from head to toe. Original German homeopathic products manufactured and packed (sealed) in Germany in ultra modern manufacturing facilities  
  Please consult a Physician before purchasing and do not self medicate.",,13.5,https://cdn.shopify.com/s/files/1/1312/2961/products/ADEL_2086_5e16db35-0a8a-4aaa-94f5-969847428180.jpg,Pack of 2 $25.99,Pack of 3 $33,Pack of 5 $48,adel tinctures,homeopathy,
Adel_ValPaks_064,Adel Germany 54. Cangust Drops 20 ml,"For Prevention And Folllow-up Treatment After A Heart Attack Adel 54
 . 
 The Adel 1-87 series of homeopathic medicines cover most of the general ailments/health conditions from head to toe. Original German homeopathic products manufactured and packed (sealed) in Germany in ultra modern manufacturing facilities
  Please consult a Physician before purchasing and do not self medicate.",,13.5,https://cdn.shopify.com/s/files/1/1312/2961/products/HY0204_3.jpg,Pack of 2 $25.99,Pack of 3 $33,Pack of 5 $48,adel tinctures,homeopathy,
Adel_ValPaks_065,Adel Germany 44. Venorbis Drops 20 ml,"Adel44 (venorbis) Drops Are Very Useful Homoeopathic Complex Which Treats The Diseases  . 
 The Adel 1-87 series of homeopathic medicines cover most of the general ailments/health conditions from head to toe. Original German homeopathic products manufactured and packed (sealed) in Germany in ultra modern manufacturing facilities  
  Please consult a Physician before purchasing and do not self medicate.",,13.5,https://cdn.shopify.com/s/files/1/1312/2961/products/11xvgrtpnvl._sl1500_74aff79b-fa0f-47a3-bbd1-04951e97350d.jpg,Pack of 2 $25.99,Pack of 3 $33,Pack of 5 $48,adel tinctures,homeopathy,
